temp,humidity,rainfall
31.1,95,0.2
30.1,96,1.9
30.4,98,2.1
29.6,99,0.7
31.8,90,0.0
31.4,98,0.0
31.6,97,0.0
29.9,97,0.4
31.1,95,0.0
30.5,88,0.0
30.0,92,0.0
30.1,93,0.0
30.4,94,0.0
30.0,94,0.0
30.4,99,0.0
31.4,98,0.0
31.1,95,0.0
31.0,95,0.0
30.9,90,0.0
28.8,92,0.0
29.1,88,0.0
30.3,92,0.0
31.2,94,0.0
31.3,98,0.0
30.6,98,0.0
30.2,93,0.0
29.7,95,0.0
30.1,93,0.0
30.0,95,0.0
30.9,98,0.0
31.3,97,0.0
30.6,97,0.0
29.3,97,0.4
30.3,97,0.0
31.4,99,0.0
31.7,96,0.0
31.5,98,0.0
31.6,98,0.0
31.7,95,0.0
30.8,93,0.0
30.3,95,0.0
31.4,96,0.0
31.7,96,0.0
33.3,97,0.0
34.8,95,0.0
34.6,95,0.0
34.0,97,0.0
34.6,96,0.0
35.0,94,0.0
33.0,96,0.0
32.6,97,0.0
33.0,97,0.0
34.1,70,0.0
34.4,69,0.0
34.4,84,0.0
35.0,92,0.0
34.4,94,0.0
34.2,94,0.0
33.1,91,0.0
32.0,82,0.4
31.9,88,1.3
33.4,89,0.8
33.3,93,0.0
34.1,92,0.7
33.0,95,0.8
33.3,98,1.8
34.0,91,0.1
33.5,92,0.2
35.1,94,0.0
34.9,92,0.0
35.0,95,0.0
35.8,95,0.0
35.0,97,0.0
35.2,94,0.0
35.7,97,0.0
36.3,98,0.0
38.1,97,0.0
36.9,97,0.0
36.9,98,0.0
38.1,94,0.0
39.3,71,0.0
38.8,82,0.0
38.9,95,0.0
36.5,98,0.0
35.5,96,0.0
35.8,92,0.0
36.4,92,0.0
36.1,91,0.0
35.6,92,0.1
34.8,90,0.0
36.1,91,0.0
38.0,89,0.0
38.3,88,0.7
40.3,88,0.0
39.1,89,0.0
38.2,89,0.0
37.9,87,0.0
35.8,87,0.0
36.7,87,0.0
37.5,85,0.0
37.6,84,0.0
31.7,80,1.6
34.5,92,9.1
31.9,92,5.3
31.7,92,5.5
32.3,94,3.8
34.6,97,0.0
36.1,93,0.0
37.6,92,0.0
37.6,93,0.0
38.5,90,0.0
40.6,84,0.2
40.4,83,1.9
37.6,81,3.5
37.7,89,0.0
36.1,90,0.4
37.7,91,0.0
39.4,87,0.2
40.4,81,0.4
41.2,79,0.0
41.4,82,0.2
41.1,83,1.9
39.3,87,2.2
37.3,93,0.6
38.0,93,0.0
38.2,90,0.0
39.1,89,0.8
40.5,86,0.0
39.9,90,0.0
38.8,91,0.0
39.1,91,0.1
38.9,93,0.0
37.6,84,0.0
37.1,85,0.6
35.1,89,3.5
35.2,89,3.8
35.1,90,0.0
37.9,90,0.0
41.4,77,0.0
44.4,58,0.0
45.7,55,0.0
44.4,53,0.0
43.7,54,1.3
43.7,46,0.0
43.2,49,0.0
44.1,46,1.4
44.7,50,0.0
42.5,60,0.0
42.1,72,0.0
42.2,67,0.0
41.8,77,0.9
37.8,91,10.9
35.7,93,8.3
36.7,82,0.9
37.1,84,0.4
37.3,75,2.7
34.8,86,1.2
33.2,85,5.0
34.7,76,0.2
35.3,75,0.0
37.7,64,0.0
39.8,74,2.1
35.6,85,11.7
35.1,81,2.3
33.8,73,0.3
31.8,74,0.7
33.9,74,3.9
32.0,90,35.1
25.7,88,93.6
26.8,88,46.6
25.8,87,29.8
29.3,86,4.6
32.8,69,0.2
32.7,71,0.0
33.0,68,0.0
32.8,70,0.0
33.2,70,0.1
33.9,71,0.0
34.1,72,0.0
34.3,70,0.1
34.6,72,0.1
35.0,68,0.0
34.7,81,6.4
34.7,66,0.0
36.1,60,0.0
36.4,58,0.0
36.5,59,0.0
36.2,60,0.0
35.5,59,0.0
36.2,60,0.0
34.7,69,1.2
35.5,61,0.0
36.9,63,0.0
37.3,90,11.4
35.6,93,11.5
32.2,93,4.9
33.8,72,0.0
34.4,68,0.2
34.5,68,0.0
34.6,74,2.2
35.1,74,1.1
34.7,73,1.0
34.1,80,0.7
34.7,83,0.8
35.2,71,2.1
34.5,66,0.0
34.3,84,1.9
34.6,75,0.0
35.9,62,0.0
37.0,57,0.0
35.0,57,0.0
34.7,88,6.9
35.3,87,1.2
34.6,82,1.8
34.6,86,2.7
35.1,64,0.0
34.6,86,2.9
34.4,94,2.5
33.9,84,3.5
34.0,86,8.1
29.5,86,7.3
31.9,88,11.7
32.6,90,17.0
28.0,92,9.7
31.8,92,2.1
33.2,81,0.0
34.0,80,0.0
32.5,91,4.5
32.9,92,1.6
33.3,93,0.5
34.5,94,0.0
33.7,95,14.6
33.2,93,9.1
29.5,86,1.3
32.7,81,0.6
32.9,70,0.0
32.9,71,2.0
33.2,85,4.1
31.9,94,13.5
31.7,90,1.7
32.3,77,5.9
32.9,81,0.8
33.7,85,0.2
33.6,82,0.0
34.5,84,0.0
34.4,87,0.1
34.5,92,1.5
34.5,93,0.7
33.3,96,12.8
31.0,90,0.6
33.5,96,0.6
31.5,93,0.5
32.1,90,7.1
32.3,91,8.4
31.4,90,1.6
32.0,78,1.4
29.8,90,11.3
31.1,90,2.1
30.5,87,1.6
32.4,88,2.5
33.4,91,2.1
31.4,93,0.6
32.5,80,0.0
33.9,89,0.0
34.4,92,0.0
35.3,93,0.0
36.0,85,0.0
36.9,91,9.5
35.0,93,13.9
33.3,92,0.0
33.6,95,1.5
32.4,97,1.3
30.4,97,9.3
29.2,96,5.9
31.4,98,10.4
32.6,96,2.3
32.3,97,18.7
32.0,99,6.2
32.6,99,0.8
33.5,91,0.0
33.6,93,0.0
33.7,81,0.0
34.9,76,0.0
34.2,85,0.2
35.0,90,0.0
34.6,92,0.0
34.5,90,0.0
34.9,93,0.2
33.7,91,0.4
33.6,93,0.2
34.5,94,0.3
33.8,96,0.0
35.0,95,0.0
34.6,96,0.0
35.2,94,0.0
35.7,93,0.0
34.7,90,0.0
33.8,94,0.5
33.7,94,0.0
34.1,96,0.0
32.6,92,3.0
33.6,94,0.6
33.9,94,1.6
33.2,93,0.0
33.0,83,0.1
27.1,90,3.5
33.1,92,3.7
32.2,97,0.1
32.4,98,0.3
34.0,98,0.0
34.4,98,0.0
34.3,87,0.0
27.1,82,3.8
23.5,94,11.5
29.8,96,0.0
32.0,96,0.0
33.1,98,0.0
32.2,97,0.0
31.5,87,0.0
23.9,93,27.4
23.6,93,42.3
27.3,91,14.3
25.5,97,13.6
25.7,98,25.2
28.4,96,6.1
29.0,98,0.0
28.9,100,0.0
28.6,100,0.0
28.8,100,0.3
28.8,100,0.0
29.3,98,0.0
29.0,98,0.0
28.5,97,15.4
25.5,98,10.7
26.4,97,1.2
25.0,94,3.5
28.3,99,0.0
29.3,100,0.0
28.8,100,0.0
27.8,100,0.0
28.6,100,0.0
28.7,100,0.0
27.7,100,0.0
28.4,100,0.0
29.6,99,0.0
30.3,99,0.0
29.5,100,0.0
29.2,100,0.0
28.7,100,0.0
28.8,100,0.0
28.9,98,0.0
29.8,100,0.0
30.0,100,0.0
29.7,99,0.0
29.8,98,0.0
30.2,99,0.0
30.4,98,0.0
31.3,98,0.0
31.0,94,0.0
29.0,96,0.0
29.3,98,0.0
29.7,99,0.0
31.3,97,0.0
31.2,98,0.0
30.4,100,0.0
30.8,99,0.0
31.1,98,0.0
31.5,98,0.0
30.5,98,0.0
29.8,97,0.0
30.5,99,0.0
30.2,99,0.0
30.4,95,0.0
31.1,93,0.0
31.2,87,0.0
30.9,89,0.0
31.3,89,0.0
30.6,92,0.0
30.4,95,0.0
29.9,95,0.0
30.1,92,0.0
30.2,96,0.0
30.0,91,0.0
29.9,93,2.3
24.7,99,17.3
27.5,99,0.8
27.1,95,0.7
28.7,95,0.0
28.0,96,0.3
27.8,97,1.0
28.8,98,0.0
30.5,97,0.0
31.6,97,0.0
32.1,97,0.0
31.9,97,0.0
33.7,97,0.0
33.7,98,0.0
33.6,97,0.0
33.1,97,0.0
33.4,98,0.0
31.0,99,0.0
31.6,98,0.0
31.6,98,0.0
32.5,97,0.0
32.8,94,0.0
33.1,96,0.0
33.8,96,0.0
32.8,94,0.0
32.8,95,0.0
32.8,99,0.0
32.2,97,0.0
32.5,99,0.0
31.8,99,0.0
33.0,98,0.0
33.6,97,0.0
34.9,97,0.0
36.1,98,0.0
36.0,98,0.0
34.9,97,0.0
34.0,86,0.0
33.8,86,0.0
33.2,90,0.0
33.8,90,0.0
33.6,94,0.0
33.6,92,0.0
33.5,89,0.0
33.7,90,0.0
34.2,91,0.0
34.8,96,0.0
34.8,96,0.0
34.9,97,0.0
34.5,97,0.0
34.7,98,0.0
35.1,98,0.0
35.3,99,0.0
35.9,99,0.0
36.4,99,0.0
35.7,96,0.0
35.2,88,1.0
34.8,85,0.3
35.1,86,0.0
36.1,88,0.0
36.3,88,0.0
38.1,92,0.0
39.1,92,0.0
40.4,93,0.0
40.2,89,0.0
39.5,94,0.0
37.3,94,0.0
36.2,95,0.0
37.3,95,0.0
36.7,95,0.0
35.2,94,0.0
36.6,94,0.0
37.1,90,0.0
36.9,89,0.0
37.4,92,0.0
38.2,93,0.0
38.0,96,0.0
38.8,97,0.0
38.9,99,0.0
38.0,98,0.0
38.4,93,0.0
38.1,91,0.0
37.4,95,0.0
38.2,96,0.0
39.3,95,0.0
39.3,96,0.0
41.0,89,0.0
40.0,87,0.2
39.8,87,0.0
40.0,90,0.0
39.4,90,0.0
38.0,90,0.0
38.2,88,0.0
39.2,90,0.0
41.3,89,0.0
42.6,80,0.0
43.5,80,0.0
43.2,82,0.0
41.3,80,0.4
40.1,84,0.0
38.7,94,0.0
40.2,93,0.0
40.8,87,0.0
40.9,88,0.0
41.4,81,0.0
42.0,74,1.4
39.6,84,1.4
40.0,88,2.1
37.6,88,0.2
33.7,87,9.3
36.5,86,0.0
37.8,83,0.4
37.2,88,1.0
37.0,90,0.0
38.0,90,0.2
38.7,83,0.0
40.2,82,0.2
40.0,85,0.2
37.5,85,0.0
36.8,92,0.0
35.8,94,1.2
30.1,90,21.1
31.0,88,7.9
35.6,74,0.0
38.5,60,0.0
41.3,58,0.0
41.7,61,0.0
42.0,50,0.0
41.8,50,0.0
42.2,48,0.0
41.9,47,0.4
41.6,84,1.5
40.0,76,1.8
40.9,57,0.6
40.6,53,0.0
41.4,53,1.5
39.2,63,0.2
37.8,83,14.3
33.8,93,13.4
34.0,95,12.2
33.5,89,3.2
31.1,90,6.5
30.7,92,10.7
34.5,82,2.9
34.4,74,0.0
34.8,73,0.7
34.8,69,0.4
34.3,74,2.8
36.3,66,0.0
36.8,63,0.0
37.1,62,0.0
35.9,61,0.0
30.8,86,5.0
31.2,87,0.2
33.2,93,4.4
35.3,95,21.1
34.9,91,1.2
35.9,89,5.7
35.4,79,1.6
33.8,76,2.1
30.8,89,4.1
28.3,90,13.3
27.9,90,18.9
27.9,89,14.9
32.2,78,8.8
30.4,87,8.0
32.4,73,0.9
32.0,69,0.0
33.1,80,1.5
31.2,71,0.0
33.2,86,1.3
33.2,79,0.3
33.6,80,0.9
33.2,65,0.4
32.5,65,0.1
32.2,74,2.2
34.5,66,0.0
33.9,67,0.0
36.5,67,0.0
36.5,63,0.0
36.0,77,2.6
35.7,85,3.6
36.2,76,3.8
32.4,76,0.0
33.4,76,0.2
33.8,79,1.7
31.8,84,4.1
32.9,92,6.0
32.7,94,11.5
33.7,83,0.5
33.7,89,2.7
32.9,97,30.6
32.5,97,20.1
32.8,94,8.7
33.3,75,3.9
31.1,88,7.8
27.0,88,24.9
31.3,87,1.7
30.3,86,4.8
30.3,80,1.3
32.8,71,0.1
31.5,68,0.0
32.4,70,0.0
33.8,69,0.0
34.2,70,0.0
34.7,69,0.0
34.6,68,0.0
35.1,66,0.0
36.0,67,0.0
35.4,64,0.0
33.9,63,0.0
33.7,65,0.0
34.2,66,0.0
36.0,66,0.0
36.3,64,0.0
37.8,69,0.0
37.9,67,0.0
37.3,64,0.3
37.7,63,0.0
37.4,86,9.5
33.0,84,5.1
34.6,94,9.0
33.3,97,18.4
31.0,90,1.6
32.9,97,28.2
29.6,95,19.8
31.6,96,22.9
32.3,86,1.2
32.8,85,0.0
32.5,93,2.6
31.8,93,0.0
32.3,66,0.0
32.5,65,0.0
32.2,67,0.0
32.9,70,0.0
33.9,80,0.0
30.8,90,25.0
29.1,90,7.9
28.7,89,22.5
26.8,89,11.4
28.1,94,3.1
28.8,94,4.0
30.4,85,0.0
31.2,89,0.7
31.6,82,0.0
32.0,75,0.3
31.2,92,12.1
25.6,92,43.7
25.7,92,54.9
26.3,91,9.5
29.6,84,0.8
30.8,89,6.6
30.2,89,7.4
30.9,95,17.9
31.6,91,3.3
32.4,90,1.5
31.5,89,2.1
30.8,90,2.0
31.6,98,0.2
31.8,99,0.6
31.8,99,0.2
32.0,80,0.2
32.0,78,0.0
32.7,83,0.0
31.3,85,1.9
32.5,77,2.4
31.9,78,0.0
33.4,82,0.0
33.4,85,0.0
32.9,89,0.0
32.7,91,0.0
32.6,85,0.0
32.5,89,0.0
32.8,83,0.0
33.0,83,0.0
33.4,74,0.0
33.2,64,0.0
33.1,73,0.0
33.3,75,0.0
33.6,77,0.0
33.9,74,0.0
33.8,71,0.0
33.6,65,0.0
33.3,58,0.0
33.2,88,0.6
31.8,94,1.6
32.5,95,3.7
31.6,98,5.2
31.9,98,0.3
32.3,91,0.0
33.0,92,0.0
33.9,67,0.0
33.6,83,0.0
32.1,85,0.0
33.1,80,0.0
32.6,73,0.0
32.4,75,0.0
32.7,77,0.0
32.7,91,0.0
32.0,93,0.0
31.6,91,3.7
31.2,97,0.5
31.9,98,3.8
31.9,98,2.4
31.0,96,0.7
30.7,98,0.0
30.9,99,0.0
31.2,98,0.0
31.4,99,0.0
32.2,96,0.0
32.0,95,0.0
31.4,96,0.0
32.6,96,0.0
33.1,95,0.0
34.3,88,0.0
34.3,93,0.0
33.4,97,0.0
31.8,97,0.0
32.2,93,0.9
29.8,98,2.7
30.1,98,1.3
30.4,98,0.4
31.0,99,0.0
29.4,96,0.0
31.1,95,0.0
31.7,96,0.0
31.6,79,0.0
31.2,57,0.0
31.8,51,0.0
28.1,96,10.2
27.8,97,3.0
28.3,98,3.9
28.9,97,0.5
27.8,98,0.5
30.0,99,0.0
29.9,99,0.0
29.4,98,0.0
29.8,96,0.0
31.0,94,0.0
32.0,75,0.0
31.6,84,0.0
31.5,96,0.0
30.5,97,0.0
32.3,96,0.0
31.8,98,0.0
30.3,98,0.0
30.3,97,0.0
30.1,98,0.0
30.0,99,0.0
31.3,99,0.0
32.2,96,0.0
33.2,98,0.0
32.4,97,0.0
32.5,96,0.0
31.5,94,0.0
31.5,93,0.1
31.8,93,0.0
31.7,91,0.0
31.8,88,0.0
31.0,87,0.0
29.5,96,0.7
31.2,98,1.1
31.3,96,0.1
31.5,98,0.0
32.0,97,0.1
31.7,97,0.0
31.9,96,0.0
31.0,97,0.0
32.5,94,0.0
33.2,91,0.0
33.7,92,0.0
34.5,95,0.0
33.0,94,0.0
32.3,95,0.0
29.5,92,0.0
31.1,89,0.0
34.0,93,0.1
33.6,96,0.0
33.8,99,0.0
33.5,99,0.0
33.6,98,0.0
32.5,98,0.0
33.2,95,0.0
33.2,90,0.0
33.3,93,0.0
34.6,84,0.0
35.2,82,0.0
35.4,80,0.0
34.7,79,0.0
34.2,93,0.0
32.8,95,0.0
31.0,96,0.0
32.7,96,0.0
34.2,98,0.0
34.0,92,0.0
34.2,83,0.0
34.1,85,0.0
35.0,88,0.0
36.9,91,0.0
38.5,81,0.0
38.9,96,0.0
38.5,98,0.0
37.5,91,0.0
37.7,97,0.0
36.8,99,0.0
36.4,96,0.0
35.8,96,0.0
36.7,83,0.0
35.7,94,0.0
35.8,98,0.0
36.2,98,0.0
36.8,95,0.0
36.2,90,0.3
36.5,87,0.3
35.9,89,1.1
35.7,89,0.9
36.5,90,0.5
37.5,89,0.2
38.9,86,0.0
37.8,99,0.0
37.0,98,0.1
34.7,91,0.4
34.5,90,0.1
36.7,88,0.1
36.7,88,0.6
37.2,88,0.3
38.8,92,0.0
36.7,96,0.9
38.0,93,0.0
38.0,89,0.0
38.3,94,0.0
39.5,86,0.0
39.8,89,0.0
38.9,97,0.0
38.8,94,0.0
39.7,92,0.0
39.5,94,0.0
40.0,95,0.0
39.2,93,0.0
41.4,91,0.0
40.6,87,0.0
39.4,88,0.0
38.0,91,0.0
39.3,90,1.4
39.7,90,0.0
40.3,87,0.5
40.0,91,0.0
39.8,92,0.0
39.7,91,0.6
40.2,96,0.0
39.8,100,0.0
39.5,99,0.0
39.3,95,0.0
40.0,95,0.0
42.0,80,0.0
43.0,84,0.2
40.5,91,0.6
41.7,91,0.0
40.2,84,0.6
41.2,78,0.0
42.8,83,0.0
42.3,76,0.0
41.5,82,1.5
40.5,90,0.1
41.2,86,0.0
40.8,81,1.3
39.2,77,0.4
41.7,80,0.0
39.9,87,2.2
38.8,89,5.0
37.3,91,0.0
38.4,92,0.0
40.2,96,0.0
40.8,94,0.0
40.8,91,0.6
36.8,83,2.4
40.7,84,0.4
39.8,86,0.8
38.5,89,0.6
37.4,92,1.4
38.2,93,0.0
40.7,91,0.4
41.8,88,0.0
43.7,68,1.7
43.8,54,0.0
44.3,41,0.0
43.9,36,0.0
44.7,51,0.0
44.0,77,0.0
42.2,64,0.7
43.1,73,1.9
42.6,73,0.0
43.1,76,2.0
42.0,81,0.8
40.3,83,4.4
40.3,86,2.1
40.0,86,0.3
40.8,54,0.0
40.8,52,0.1
40.3,61,0.0
40.8,64,0.1
40.3,79,0.2
41.2,76,0.4
39.2,78,1.3
41.6,92,18.4
36.0,87,6.4
34.5,91,4.5
31.2,89,11.4
35.3,71,4.4
35.8,72,0.5
35.3,70,6.0
34.6,70,0.6
36.0,73,0.4
38.0,72,1.1
32.2,90,9.0
31.9,94,7.5
33.2,91,0.3
34.3,81,12.4
32.1,87,11.2
30.5,89,4.4
34.0,76,0.0
34.6,66,0.0
33.8,67,1.1
33.0,86,3.8
33.5,90,2.6
33.2,86,0.5
33.5,78,2.3
32.8,73,1.0
33.7,74,1.7
34.6,66,0.0
34.6,65,0.1
35.5,69,0.6
35.3,66,0.1
37.2,64,0.0
36.6,61,0.0
36.0,92,5.5
30.0,93,12.6
34.9,72,1.2
33.0,84,2.7
34.3,77,0.8
30.8,78,6.5
33.6,76,0.0
30.1,91,25.5
28.4,92,6.5
32.5,89,0.4
32.2,78,0.9
30.8,90,19.4
27.0,87,25.4
33.1,82,1.2
33.0,72,0.0
34.5,71,0.0
34.5,69,0.0
34.7,64,0.0
34.7,65,0.3
35.1,64,0.1
35.5,63,0.2
36.0,65,0.2
34.8,93,2.6
34.8,93,1.5
35.0,87,5.7
36.2,90,1.5
35.5,75,0.5
36.3,85,0.0
36.5,87,2.8
33.8,72,1.4
35.7,73,0.1
35.4,78,3.0
34.8,90,2.3
33.8,91,1.9
32.0,99,4.9
33.5,94,3.1
33.0,89,2.0
32.7,90,3.6
31.0,85,14.0
32.3,87,2.1
32.9,85,4.5
33.3,88,8.2
32.0,93,6.8
27.8,94,12.8
27.2,90,7.3
30.6,89,1.5
33.3,93,2.5
32.5,94,2.8
31.8,91,4.6
32.5,93,11.2
28.6,93,22.9
31.5,89,0.8
29.3,90,8.3
29.4,92,15.3
31.5,91,1.6
33.4,86,0.1
32.5,78,0.1
33.0,83,3.2
33.5,85,0.0
33.5,92,0.1
33.8,91,3.5
32.0,95,11.9
32.3,98,30.2
32.0,98,3.7
31.7,96,1.5
31.8,98,1.1
31.3,96,2.0
31.7,96,3.8
32.3,97,4.4
32.8,97,2.9
33.7,94,6.7
32.2,94,0.8
32.7,93,16.4
30.8,91,11.2
28.1,88,3.9
32.0,77,0.0
31.1,77,0.0
32.7,79,0.0
31.8,80,0.0
32.8,91,7.8
32.7,94,3.9
32.8,93,5.3
32.0,93,6.4
30.7,98,20.8
29.5,98,28.4
31.1,99,10.9
31.1,96,10.6
31.5,98,4.9
30.9,96,20.3
30.9,97,14.3
31.0,98,9.1
30.2,99,7.9
30.3,97,1.6
30.4,97,7.4
31.2,95,4.0
31.4,95,6.2
31.3,97,1.9
30.7,96,6.0
31.6,96,0.3
31.5,94,4.4
31.9,93,4.1
31.9,96,12.2
31.4,95,7.3
33.8,87,0.0
33.2,82,0.0
31.0,80,0.0
33.7,68,0.0
33.7,85,0.0
33.8,86,0.0
33.5,85,0.0
32.7,95,0.8
32.2,99,1.2
32.3,96,0.0
32.8,96,0.0
32.9,97,0.1
33.2,93,0.0
32.7,80,0.0
32.0,81,0.0
33.3,86,0.0
33.2,92,0.0
32.3,80,0.0
30.0,86,0.0
32.1,95,0.6
32.3,93,2.6
32.8,95,0.0
33.5,96,0.4
34.5,96,0.0
34.5,86,0.0
33.7,68,0.0
33.4,64,0.0
33.1,79,0.7
33.0,80,0.3
35.5,74,0.0
35.8,78,0.0
33.7,84,0.1
32.5,92,2.0
31.9,95,6.0
32.8,95,1.0
32.6,98,1.7
33.8,100,0.0
35.0,94,0.6
33.8,93,0.5
32.8,92,0.0
33.2,96,0.0
33.5,97,0.0
33.3,98,0.0
32.5,98,0.0
31.6,90,0.0
31.6,86,0.0
31.0,87,0.0
31.3,88,0.0
31.0,86,0.0
30.3,87,0.0
30.9,95,0.1
32.7,93,0.0
34.3,99,0.0
34.4,63,0.0
34.1,81,0.0
33.8,99,0.0
33.1,96,0.0
33.2,94,0.0
32.9,95,0.3
32.5,97,0.0
32.3,96,0.0
32.2,95,0.0
31.6,96,0.0
30.9,98,0.0
31.4,98,0.0
31.6,97,0.0
32.0,98,0.0
31.4,98,0.0
31.5,97,0.0
32.2,97,0.0
32.1,98,0.0
30.5,98,0.0
31.0,98,0.0
30.4,97,0.0
31.2,98,0.0
31.7,88,0.0
32.5,97,0.0
31.5,96,0.0
31.5,97,0.3
31.7,99,0.0
31.2,98,0.0
30.9,93,0.0
30.8,91,0.0
30.4,92,0.0
30.3,97,0.0
32.2,95,0.0
33.0,91,0.0
34.4,98,0.0
34.2,99,0.0
33.3,96,0.0
33.5,99,0.0
32.8,98,0.0
32.1,96,0.0
31.7,98,0.0
31.1,86,0.0
31.0,89,0.0
31.0,89,0.0
30.3,92,0.0
31.6,92,0.0
33.5,89,0.0
32.8,89,0.0
32.0,98,0.0
31.8,93,0.0
31.9,95,0.0
32.0,96,0.0
31.6,96,0.0
33.4,89,0.0
34.5,71,0.0
34.3,93,0.0
32.1,92,0.0
32.0,84,0.0
31.5,87,0.0
32.2,93,0.0
33.2,94,0.0
35.2,89,0.0
35.5,89,0.1
33.7,92,0.0
30.7,95,0.0
32.5,94,0.0
31.8,97,0.0
32.6,94,0.0
33.1,90,0.0
34.2,92,0.0
34.5,97,0.0
34.0,99,0.0
33.2,98,0.0
33.8,95,0.0
34.5,94,0.0
34.9,96,0.0
34.0,98,0.0
34.0,98,0.0
34.6,97,0.0
35.5,78,0.0
36.9,70,0.0
37.0,91,0.0
36.8,97,0.0
37.2,81,0.0
38.2,62,0.0
38.1,95,0.0
37.5,98,0.0
36.5,97,0.0
36.6,99,0.0
36.8,97,0.0
36.5,100,0.0
36.5,100,0.0
36.0,99,0.0
36.1,96,0.0
36.8,97,0.0
37.0,98,0.0
37.0,97,0.0
34.8,97,31.1
30.4,95,0.0
33.4,97,0.2
34.9,96,0.0
36.2,98,0.0
37.8,97,0.0
37.4,97,0.2
36.2,98,6.2
37.5,98,0.0
36.5,98,0.0
36.7,96,0.0
37.5,96,0.0
37.8,98,0.0
38.2,95,0.2
37.8,93,2.7
38.0,93,0.5
36.7,92,0.3
33.8,94,1.6
36.3,96,0.0
37.0,94,0.0
36.0,97,1.1
36.6,96,0.0
35.8,97,1.4
34.6,95,0.2
35.3,98,0.0
35.7,94,0.1
36.5,92,0.7
37.3,90,0.5
36.5,91,0.1
38.1,90,0.4
37.6,93,0.0
38.8,92,0.1
38.8,94,0.2
40.2,92,0.4
41.0,84,2.0
40.7,87,1.1
40.2,89,0.0
40.0,87,0.4
39.7,90,0.0
37.3,89,3.2
39.4,89,0.0
39.9,89,0.0
40.0,89,0.0
39.2,93,0.0
38.6,89,2.3
40.7,83,0.3
41.7,86,0.3
40.2,87,2.3
38.2,89,0.6
36.8,89,0.3
38.9,91,0.2
39.5,92,0.0
40.0,89,0.0
40.3,88,0.0
38.8,88,0.7
40.0,88,2.1
40.8,85,0.0
39.2,81,2.0
39.6,86,0.2
38.3,85,0.7
37.2,92,0.0
38.8,90,0.3
39.2,90,0.9
39.8,86,1.0
41.2,78,0.2
40.8,81,1.9
38.9,86,0.2
39.2,87,2.0
39.7,85,0.4
39.1,84,0.4
39.7,87,0.0
38.6,87,0.0
39.2,85,0.0
40.3,90,0.0
43.0,92,0.0
43.0,84,1.7
43.0,83,3.5
37.5,92,3.6
37.5,89,2.0
37.5,85,0.7
39.9,79,0.0
40.0,82,5.9
36.6,94,2.7
33.7,92,6.9
34.7,84,0.1
35.6,89,2.6
33.8,77,2.5
33.0,81,1.4
34.4,66,0.0
35.8,67,0.0
39.2,65,0.0
39.7,66,0.3
40.1,64,0.1
39.2,57,0.0
38.8,59,0.0
39.5,61,0.0
40.5,70,0.0
40.1,79,1.3
38.2,80,0.6
36.7,82,2.1
38.4,68,0.2
37.9,61,0.0
35.8,61,0.0
34.3,90,4.0
33.9,91,6.2
36.5,77,0.4
35.5,92,2.0
34.2,95,3.3
35.8,91,3.1
35.8,84,0.0
36.4,60,0.0
36.8,87,3.4
36.3,76,0.4
34.1,90,7.1
33.1,90,9.0
33.3,82,0.4
31.2,91,4.9
29.9,90,8.7
26.6,91,22.4
31.9,90,0.7
31.3,91,8.9
29.0,91,17.7
30.8,86,2.7
33.1,69,0.1
34.0,68,0.0
35.0,75,0.5
30.7,89,6.0
32.5,72,0.3
33.1,70,0.1
34.4,70,0.4
35.6,70,0.1
35.8,69,0.0
36.2,69,0.0
34.1,64,0.0
35.3,65,0.1
36.5,63,0.1
37.2,65,0.0
37.3,62,0.0
36.7,65,0.0
37.0,65,0.1
36.5,67,0.6
37.5,65,0.0
35.5,68,0.0
35.6,62,0.0
34.2,91,6.6
31.0,90,5.7
35.3,87,2.7
30.2,86,7.7
30.5,89,23.9
31.5,89,9.5
29.7,91,32.6
27.6,92,22.4
28.6,90,8.2
29.2,89,4.0
32.6,77,0.5
33.4,77,0.7
28.6,91,22.7
27.0,90,12.8
32.2,83,0.0
32.7,72,0.1
33.3,71,0.1
32.4,72,0.6
32.5,71,0.0
33.0,85,1.4
32.3,90,2.0
33.2,83,0.3
33.7,76,0.1
33.8,76,0.3
33.1,86,1.4
34.0,72,0.0
33.2,71,0.1
35.0,68,0.1
34.8,69,0.4
34.6,62,0.1
34.4,59,0.1
35.7,64,0.0
37.0,65,0.2
36.2,73,0.2
36.2,84,2.1
36.6,83,1.7
36.3,87,3.1
35.5,91,1.1
35.0,90,13.8
36.2,77,3.9
36.9,90,2.6
31.5,90,4.9
33.3,88,10.6
33.0,91,7.9
33.0,87,4.8
34.5,89,1.6
35.8,95,0.1
35.5,92,2.1
34.5,92,1.9
36.0,80,0.5
36.1,91,4.5
34.0,94,4.3
34.9,95,3.4
36.1,92,0.0
35.3,95,5.3
35.6,94,0.8
35.2,89,0.7
36.9,89,0.0
36.3,90,0.2
33.5,97,1.5
37.2,93,0.0
36.0,91,0.0
37.2,91,0.1
38.2,68,0.0
38.2,54,0.0
38.6,50,0.0
37.5,66,1.0
37.0,88,0.9
35.3,92,6.3
31.4,96,5.2
31.5,96,7.0
30.8,95,7.2
31.2,98,7.0
33.0,98,0.0
32.5,95,0.0
33.8,97,0.0
34.8,85,0.0
35.0,93,0.0
35.1,93,0.0
33.8,92,0.1
35.5,94,0.0
35.1,86,0.0
35.1,78,0.0
34.9,71,0.0
33.3,84,0.4
34.0,91,0.4
31.4,96,25.1
30.6,98,3.1
31.2,96,2.3
31.8,97,1.6
32.5,97,0.2
33.2,98,0.0
34.0,99,0.0
34.6,93,0.0
34.1,94,0.0
35.5,95,0.0
34.8,97,0.0
35.0,98,0.0
34.8,74,0.0
34.6,83,0.0
34.6,84,0.2
30.9,97,5.5
30.2,96,1.0
32.0,97,1.5
32.7,97,0.3
33.2,93,0.1
31.5,92,1.3
26.5,89,6.7
30.2,93,0.0
31.5,98,0.0
30.7,98,0.0
30.8,100,0.0
30.2,97,0.0
30.2,98,0.0
31.9,99,0.2
31.9,98,0.1
30.9,98,0.2
30.6,93,0.8
31.0,94,0.0
32.3,94,7.4
30.2,92,1.1
30.1,99,1.3
30.0,99,1.4
29.8,98,1.0
30.9,98,0.8
30.0,96,0.7
29.2,97,1.5
32.1,98,0.0
30.0,95,1.2
31.2,95,0.3
31.3,87,0.0
25.5,92,23.4
26.5,91,1.5
25.2,85,0.0
23.0,81,0.4
27.0,100,0.0
27.8,99,0.0
27.6,98,0.8
28.1,100,0.0
28.8,100,0.0
29.4,100,0.0
29.6,100,0.0
27.9,98,0.5
28.0,96,0.7
27.5,99,0.0
28.1,97,0.0
27.2,91,0.0
28.0,93,0.0
29.0,97,0.0
30.3,97,0.0
29.9,99,0.0
29.0,99,0.0
29.2,98,0.0
30.6,96,0.0
30.9,85,0.0
31.4,85,0.0
30.0,99,0.0
30.1,99,0.0
30.3,98,0.0
29.8,98,0.0
30.5,97,0.0
31.6,96,0.0
31.0,100,0.0
30.6,100,0.0
31.5,98,0.0
31.2,97,0.0
31.5,97,0.0
31.2,97,0.0
31.2,97,0.0
31.4,94,0.0
32.0,97,0.0
30.8,91,0.1
29.5,94,1.5
29.1,96,4.2
22.1,97,17.2
28.1,98,0.0
28.1,100,0.0
27.4,99,0.8
29.2,99,0.0
30.1,98,0.0
29.5,98,0.3
31.5,100,0.0
31.9,99,0.0
33.4,97,0.0
32.8,99,0.0
34.2,95,0.1
31.5,92,2.5
33.8,92,0.2
31.0,98,0.5
33.3,95,0.0
33.2,98,0.0
34.0,99,0.0
34.5,99,0.0
34.5,97,0.3
34.2,96,0.1
36.0,94,0.1
35.5,93,0.0
34.8,97,0.0
35.2,92,0.0
37.2,92,0.0
38.6,58,0.0
38.5,83,0.0
38.0,98,0.0
36.2,99,0.0
35.2,88,0.1
35.2,96,1.7
32.7,92,2.1
33.3,89,0.8
35.3,88,0.0
36.8,88,0.0
39.8,96,0.1
40.0,99,0.0
38.1,95,0.0
34.8,94,0.7
36.2,92,0.1
36.2,94,0.1
37.4,99,0.0
37.3,97,0.0
38.2,93,0.0
38.5,87,0.0
38.2,96,0.0
37.0,99,0.0
36.5,98,0.0
35.7,94,0.0
37.2,88,0.0
36.5,90,0.1
37.0,92,0.0
37.2,91,0.3
38.7,94,0.0
38.2,94,0.0
38.2,98,0.0
38.3,99,0.0
39.3,99,0.0
39.8,99,0.0
39.3,97,0.0
40.0,98,0.0
40.5,96,0.0
39.0,80,0.0
40.3,97,0.0
37.5,98,0.0
38.8,96,0.0
39.5,97,0.0
40.3,89,0.0
39.7,91,0.0
38.5,91,0.0
38.3,92,0.0
39.3,96,0.0
40.7,94,0.0
40.3,96,0.0
40.3,95,0.0
40.8,98,0.0
41.5,97,0.0
40.8,97,0.0
40.5,94,0.0
40.1,85,1.3
36.3,86,0.4
39.5,88,0.3
39.8,84,0.1
38.5,91,0.4
39.3,95,0.0
39.5,94,0.0
41.4,94,0.0
41.8,91,0.0
41.7,90,0.0
41.0,93,0.0
40.7,92,0.0
41.0,89,0.5
40.6,75,0.6
43.8,77,0.0
43.2,40,0.0
41.5,57,0.0
42.3,60,0.0
42.8,77,0.0
42.8,80,0.0
42.7,71,0.0
42.3,62,0.0
42.8,78,0.0
43.0,86,0.7
39.2,86,0.9
40.2,82,0.1
40.5,77,0.2
41.3,84,0.2
40.2,89,0.0
41.1,78,0.0
40.6,79,0.8
42.0,84,0.1
42.2,85,0.0
42.2,77,0.0
41.1,78,0.0
41.5,87,0.0
42.2,86,0.0
43.3,75,0.0
43.8,70,0.0
43.0,68,0.1
43.6,72,0.0
43.0,81,0.0
43.0,80,0.0
42.5,82,0.0
41.0,85,0.1
40.7,68,0.0
40.3,76,0.6
40.0,78,0.0
41.2,71,0.0
40.2,76,0.1
41.0,79,6.2
41.2,76,0.0
40.0,73,0.9
42.2,70,0.3
40.7,77,0.0
41.0,58,0.1
39.5,60,0.0
40.3,59,0.0
40.9,57,0.0
41.0,51,0.0
37.7,60,0.0
40.1,51,0.0
40.8,54,0.0
39.0,72,0.8
31.5,93,12.9
31.1,96,10.3
34.0,93,1.9
35.3,96,14.6
33.5,95,8.9
35.7,93,0.7
35.7,64,0.0
36.2,67,0.4
34.5,86,1.6
33.4,90,3.5
30.3,93,4.0
34.6,87,0.1
34.2,79,0.2
36.8,68,0.2
32.0,89,9.3
33.8,78,3.0
35.7,64,0.0
37.2,66,0.0
36.9,63,0.0
37.5,65,0.0
36.7,69,0.5
36.3,72,1.0
38.3,91,10.3
35.3,93,1.6
35.8,88,2.7
35.3,86,8.7
36.5,79,2.3
36.0,96,11.2
32.8,95,15.1
32.0,95,23.5
34.5,94,6.5
33.2,93,3.3
32.8,96,1.2
35.0,76,0.4
35.2,87,3.8
30.6,91,12.0
30.1,89,5.0
29.4,88,3.6
30.6,90,2.4
31.9,90,0.0
33.6,71,0.1
33.4,78,1.5
26.8,89,18.1
29.5,86,0.0
31.9,90,3.1
29.3,89,3.1
28.8,88,11.8
30.5,89,22.9
32.0,91,1.7
33.2,79,0.1
33.0,79,0.5
33.8,70,0.1
34.0,74,0.0
34.0,94,2.5
34.8,94,4.5
34.2,91,2.1
34.8,88,10.3
34.8,90,7.1
33.0,90,9.1
33.5,94,5.6
33.8,91,4.3
32.2,91,9.9
32.0,91,1.9
32.0,89,1.7
33.8,77,0.9
33.9,75,0.0
35.2,67,0.0
35.5,76,0.0
36.2,81,1.2
36.8,90,3.8
35.2,89,3.9
31.2,91,2.5
28.9,94,13.1
29.1,91,7.4
27.9,91,7.2
28.7,90,7.3
31.5,84,3.9
31.4,89,6.3
31.1,78,0.4
30.5,90,6.2
34.0,84,0.6
33.7,85,0.4
34.5,82,0.4
33.7,87,0.0
34.5,93,1.7
34.8,92,6.9
33.5,91,1.3
33.2,88,1.9
31.5,98,22.1
29.5,99,22.8
31.2,98,11.1
31.1,98,5.9
30.9,99,18.7
30.8,99,9.6
32.0,100,20.0
29.8,97,11.3
30.6,96,8.8
30.6,96,8.1
31.1,98,0.6
32.1,99,0.0
32.0,94,6.0
31.8,97,0.0
32.7,96,1.3
33.5,98,8.2
33.0,96,8.7
32.7,96,15.9
33.0,98,1.5
32.8,98,5.9
32.2,96,8.3
32.2,97,6.0
30.5,96,5.6
31.8,96,5.4
30.9,96,4.7
31.5,98,5.7
31.5,98,6.4
30.4,98,5.0
32.3,96,7.4
28.5,97,21.3
29.6,97,8.1
29.2,98,3.6
28.8,98,5.2
28.7,98,19.2
26.1,99,21.7
25.3,97,29.1
28.5,95,8.3
31.0,98,2.0
30.5,99,0.4
30.0,99,13.5
30.3,100,3.5
30.5,100,0.3
29.2,96,6.6
29.0,99,29.8
29.5,98,6.0
30.6,99,0.2
30.6,100,0.5
31.2,100,0.2
31.7,95,0.0
32.2,93,0.0
31.7,96,0.6
31.0,99,0.0
32.2,94,0.0
32.2,84,0.0
31.8,87,0.0
31.2,99,0.6
31.3,99,0.1
29.6,97,2.1
30.8,97,2.6
29.3,99,0.6
31.4,100,0.0
32.2,99,0.1
31.1,99,1.7
30.6,97,1.7
29.6,97,2.7
31.2,95,0.0
31.0,99,0.0
31.0,100,0.0
29.6,99,0.1
31.1,98,0.0
30.4,97,0.0
30.3,96,0.9
29.3,98,1.3
31.6,99,0.0
31.5,96,0.5
27.0,96,13.6
27.0,94,6.1
24.9,95,4.6
29.8,94,0.2
29.0,95,0.0
28.5,97,0.0
29.0,96,0.0
27.9,97,2.3
28.2,98,0.8
28.3,97,1.8
29.2,98,0.1
28.5,98,0.7
30.1,98,0.0
28.9,97,0.9
28.8,99,1.2
30.0,98,0.5
30.5,97,0.2
30.5,98,0.0
29.8,100,0.5
30.8,99,0.2
30.3,99,0.5
29.5,96,2.5
28.9,96,0.0
28.0,93,0.1
30.1,95,0.0
29.5,98,0.0
28.6,94,0.0
28.1,97,1.2
27.9,98,1.7
27.5,97,1.9
28.4,89,0.2
27.9,98,1.9
27.2,97,5.2
29.0,99,5.0
28.5,99,4.9
27.3,95,2.7
27.4,93,0.6
27.9,98,2.2
28.2,98,1.6
29.4,97,0.1
28.9,99,0.2
29.1,99,2.1
29.8,99,1.0
30.3,99,0.0
30.3,99,0.0
29.0,100,0.0
30.2,98,0.0
31.5,98,0.1
30.4,99,0.0
30.0,98,2.9
31.8,99,0.1
31.6,98,0.0
31.9,98,0.1
31.5,99,0.0
33.0,98,0.0
33.0,100,0.0
34.0,97,0.0
34.3,98,0.0
33.9,97,0.0
34.1,94,0.0
33.5,95,0.0
33.5,96,0.3
31.1,91,0.3
29.9,97,1.0
32.3,98,0.0
32.7,98,0.0
33.2,98,0.0
33.1,98,0.0
33.4,86,0.1
31.7,94,3.3
28.5,95,6.3
28.0,97,2.0
30.1,95,0.9
30.9,96,0.3
32.4,99,0.0
33.8,98,0.0
34.7,96,0.0
34.3,95,0.0
34.0,95,0.0
34.2,90,0.0
32.5,96,0.0
33.0,96,0.0
32.5,98,0.0
33.2,98,0.0
33.5,98,0.0
33.4,97,0.1
33.0,94,0.0
31.4,99,1.0
33.5,96,0.1
31.9,94,0.7
33.3,91,0.4
34.2,89,0.0
34.2,91,0.0
35.5,92,0.0
35.5,93,0.0
34.7,90,1.0
34.8,92,3.5
30.9,97,10.5
30.5,98,1.7
33.4,95,0.0
34.5,92,0.0
34.0,90,0.0
35.5,92,0.0
35.4,94,0.0
36.2,96,0.0
34.7,93,0.0
35.8,98,0.1
36.3,98,0.0
38.3,97,0.0
37.7,91,0.0
36.3,89,0.0
37.2,92,0.0
35.5,92,1.2
36.0,91,0.3
36.3,91,0.0
37.2,91,0.0
37.2,94,0.0
38.1,98,0.0
38.9,97,0.0
39.7,86,0.0
38.6,87,0.0
39.8,84,0.0
39.9,77,0.0
39.6,93,0.0
38.8,92,0.0
38.0,92,0.0
39.2,86,0.0
39.3,91,0.0
39.6,90,0.0
38.1,93,0.1
33.7,93,2.8
37.7,98,0.0
38.6,96,0.0
38.8,94,0.0
40.1,97,0.0
39.8,98,0.0
39.5,93,0.0
39.8,95,0.0
39.8,91,0.0
39.6,89,0.0
38.1,93,0.0
38.9,96,0.0
39.8,91,0.0
39.5,90,0.0
40.6,89,0.0
39.8,82,0.0
38.6,89,4.2
38.9,89,0.0
35.5,90,2.3
36.0,92,1.4
37.8,90,0.0
39.0,92,0.0
39.3,91,0.1
39.5,91,0.0
40.5,87,0.0
39.4,84,0.0
40.0,86,0.3
40.0,87,0.1
39.7,88,0.0
39.9,88,0.0
41.0,91,0.0
40.0,91,0.0
38.1,94,0.2
39.7,89,0.0
39.7,89,0.0
39.5,90,0.0
40.2,92,0.0
39.5,86,0.8
37.7,83,0.1
40.2,81,0.1
40.8,55,0.0
41.7,47,0.0
42.7,57,0.0
42.5,78,0.0
41.8,92,0.0
40.9,89,0.0
40.2,88,0.0
39.3,87,0.0
40.8,85,0.0
42.0,83,0.1
42.3,84,0.0
40.6,80,0.0
37.7,83,3.1
36.5,91,4.7
36.8,85,1.3
37.0,84,0.0
37.0,61,0.3
37.8,63,0.4
38.0,59,0.0
39.8,52,0.0
38.5,54,0.0
40.0,73,0.3
32.2,92,13.4
28.1,92,15.4
29.5,91,6.5
34.5,77,0.0
35.0,68,0.1
35.5,69,0.3
34.5,71,0.1
34.9,77,0.2
32.8,89,1.0
36.8,68,0.0
38.2,69,0.0
30.4,90,6.9
35.0,73,0.1
37.5,77,0.2
36.7,97,15.2
34.8,93,2.1
34.9,88,1.3
36.8,99,1.8
33.4,96,7.7
34.0,96,11.9
33.7,97,15.2
33.8,93,0.5
33.5,90,1.1
34.7,79,0.9
30.6,92,3.6
29.5,92,6.1
31.1,86,0.9
35.3,86,0.1
34.2,94,11.2
31.9,92,5.4
32.3,91,0.1
33.4,87,0.0
34.5,83,0.1
32.5,96,2.4
30.3,95,3.3
28.8,93,19.1
30.3,95,5.4
34.2,94,2.9
33.4,95,1.0
32.7,99,2.8
33.5,97,15.8
33.5,97,0.5
34.4,97,1.9
30.0,98,3.6
33.0,96,12.5
31.1,96,5.7
33.7,85,0.0
34.0,90,1.3
33.7,97,6.1
31.1,98,8.0
33.0,98,15.2
32.8,99,19.5
33.4,98,1.2
33.3,86,2.0
32.1,86,0.8
28.0,91,12.7
29.3,91,17.4
33.2,84,0.2
32.8,77,2.8
33.5,76,0.5
33.2,92,8.0
28.8,91,8.0
33.4,81,0.4
29.1,91,11.6
27.8,91,16.4
27.6,93,19.5
26.4,93,28.4
27.3,92,16.3
30.7,92,1.1
32.3,82,0.1
28.5,92,15.2
27.4,93,11.7
30.1,93,4.2
33.0,94,3.9
32.2,94,1.9
32.8,86,0.6
32.2,83,2.5
31.1,91,0.6
32.5,93,2.7
32.8,87,1.1
33.1,90,0.0
33.5,90,1.3
33.5,81,0.0
34.8,95,7.0
32.2,97,12.9
31.0,98,0.9
32.2,98,1.5
32.8,97,0.5
33.2,98,0.7
33.2,94,2.3
34.5,98,0.5
34.3,96,1.5
35.2,94,9.0
33.2,99,5.4
30.5,94,7.9
27.6,92,65.5
28.4,94,98.5
30.2,97,15.3
31.1,93,4.9
31.9,94,3.4
31.5,95,17.0
30.5,94,8.6
29.7,91,7.1
29.6,88,1.2
31.6,82,0.3
32.3,85,0.0
33.4,86,0.0
31.6,97,41.1
29.6,94,22.2
30.2,93,1.7
31.7,87,0.2
32.1,91,6.0
31.0,93,12.0
32.0,91,0.2
33.0,83,0.0
33.2,77,0.0
33.2,80,0.2
32.8,78,0.0
33.0,86,0.0
31.9,91,0.1
31.0,96,5.1
31.2,96,8.6
30.6,97,2.4
29.8,98,19.3
28.4,94,19.5
28.4,91,35.7
31.2,92,1.6
31.0,96,0.4
30.7,99,0.9
30.4,100,8.0
30.1,99,5.9
31.0,98,14.0
27.0,97,22.6
27.9,94,7.7
32.2,93,0.0
32.5,89,0.0
32.5,96,0.0
31.6,97,0.6
32.2,98,0.0
30.5,97,0.2
31.0,97,0.0
30.2,88,0.0
31.6,93,0.0
31.9,91,0.0
32.3,87,0.0
32.8,91,0.0
31.8,98,1.3
31.9,99,0.2
30.1,98,3.0
29.6,99,2.5
30.4,98,1.3
30.9,98,0.2
30.0,93,0.0
29.3,81,0.0
30.1,95,0.8
27.6,98,6.2
30.0,98,3.9
30.6,97,0.0
28.3,97,19.8
26.7,97,10.8
29.6,99,0.0
29.0,99,0.8
29.8,100,0.4
29.5,100,0.0
30.6,97,0.0
30.1,98,1.0
28.6,99,0.7
29.2,98,0.0
28.2,92,6.0
23.2,96,156.7
23.5,97,22.6
26.1,95,3.9
28.0,100,0.8
28.5,100,0.0
28.1,100,0.0
28.2,98,0.0
28.0,95,0.0
28.9,98,0.0
28.8,97,0.0
26.5,97,1.4
28.5,99,0.9
28.5,100,1.2
27.9,99,0.0
28.4,100,0.0
27.6,99,0.0
28.4,98,0.0
28.5,97,0.0
28.8,98,0.0
28.8,96,0.2
29.0,98,0.5
30.2,100,0.0
29.3,100,0.2
29.1,100,0.1
28.7,100,0.2
28.3,99,0.0
28.0,96,0.0
28.2,97,0.0
28.4,95,0.0
28.0,96,0.0
28.9,99,0.0
29.1,99,0.0
29.6,99,0.0
29.6,98,0.0
30.0,97,0.0
30.2,95,0.0
28.7,98,0.0
29.9,98,0.0
29.5,95,0.0
28.9,96,0.0
28.9,96,2.3
25.8,99,3.3
27.0,97,0.0
29.7,99,1.4
30.1,100,0.0
30.9,100,0.0
31.0,100,0.0
31.4,100,0.0
31.2,100,0.0
31.2,100,0.0
31.1,99,0.0
30.7,98,0.0
30.5,98,0.0
29.0,99,0.0
30.2,95,0.2
32.5,96,0.0
33.5,96,0.0
32.8,100,0.0
32.7,98,0.0
33.0,99,0.0
32.8,96,0.0
33.6,95,0.0
32.3,96,0.0
31.0,98,0.2
32.0,98,0.3
33.0,98,0.0
32.3,97,1.7
30.7,98,0.8
31.9,99,0.1
31.5,100,0.1
30.8,98,0.0
32.0,94,0.0
32.7,97,0.0
32.6,97,0.0
31.6,90,0.0
31.5,95,0.0
33.0,96,0.0
32.4,98,0.0
32.6,95,0.0
32.8,94,0.0
33.3,97,0.0
34.3,97,0.0
34.0,100,0.0
33.2,99,0.0
31.5,96,0.0
30.6,91,1.2
31.2,90,1.0
29.2,98,1.9
34.0,99,0.0
34.3,93,0.0
35.2,94,0.0
36.5,76,0.0
38.0,77,0.0
38.5,93,0.0
37.8,93,0.0
37.5,98,0.0
37.5,100,0.0
37.2,81,0.0
36.0,97,0.0
36.5,98,0.0
37.8,93,0.0
37.1,99,0.0
36.5,97,0.0
35.9,98,0.0
36.5,98,0.0
37.2,98,0.0
36.3,99,0.0
36.2,97,0.0
36.8,98,0.0
37.4,98,0.0
38.0,98,0.0
37.5,98,0.0
36.8,99,0.0
37.3,98,0.0
37.8,98,0.0
38.4,97,0.0
38.0,100,0.0
37.8,95,0.0
38.1,93,0.0
39.3,93,0.0
38.8,97,0.0
39.0,98,0.0
39.8,98,0.0
40.0,99,0.0
41.5,97,0.0
42.8,81,0.0
42.2,86,0.0
42.7,84,0.0
38.8,92,0.0
39.5,93,0.1
37.2,95,0.1
38.2,97,0.0
39.2,97,0.0
40.0,99,0.0
37.6,93,0.0
36.7,90,0.0
37.8,96,0.2
38.0,89,0.0
38.2,92,0.0
37.2,90,0.4
36.3,91,0.0
37.7,89,0.2
38.5,90,0.0
38.2,96,0.0
40.1,93,0.0
39.8,88,0.1
37.8,89,0.2
35.3,90,1.5
36.0,92,3.2
37.8,93,0.2
37.8,96,0.4
39.8,94,0.0
39.0,89,0.0
39.4,91,0.0
39.0,93,0.0
39.0,92,0.0
37.9,87,0.0
38.2,90,0.0
38.0,88,0.0
38.3,86,0.0
39.8,84,0.0
37.7,84,0.0
36.8,84,0.0
37.5,87,0.0
38.3,87,0.0
38.7,85,0.0
39.9,87,0.1
39.9,89,0.1
38.0,84,5.1
38.5,91,0.6
35.0,90,2.2
33.5,89,8.7
34.4,94,2.5
35.9,96,1.9
36.5,95,6.5
35.3,89,0.2
36.2,94,4.7
34.0,94,0.1
37.2,81,0.0
37.6,72,0.0
38.8,58,0.0
38.8,64,0.0
38.2,61,0.0
38.4,58,0.0
38.7,64,0.4
39.2,67,0.0
39.5,81,1.8
38.8,85,3.2
38.8,83,0.0
35.0,93,1.1
35.3,92,0.4
36.4,94,22.3
35.8,92,0.1
37.0,83,0.4
38.2,62,0.0
37.7,64,0.0
36.8,70,0.6
35.3,63,0.1
35.3,72,0.1
34.5,69,0.5
34.5,68,0.1
33.8,76,1.4
34.2,67,0.2
34.1,81,0.1
36.2,64,0.2
36.6,73,0.0
34.8,70,0.0
38.5,64,0.0
38.1,66,0.0
37.8,69,0.3
35.5,71,0.0
33.1,71,0.5
35.5,94,11.3
32.3,94,11.1
34.7,93,0.9
36.8,87,0.4
37.0,83,0.0
37.7,92,7.2
34.4,88,0.2
35.0,90,1.2
35.6,71,0.2
36.8,93,5.4
35.7,96,13.3
35.7,95,9.3
32.4,93,2.2
34.0,96,16.6
33.9,96,6.9
28.6,94,10.3
29.8,95,14.8
32.0,92,17.1
28.9,93,88.7
31.6,94,20.1
31.2,97,19.4
32.0,98,12.5
30.6,96,16.2
32.6,85,0.4
32.7,79,0.2
29.1,91,21.9
25.9,89,42.9
31.7,85,1.0
32.7,79,0.4
33.2,75,0.0
33.3,74,0.0
32.2,71,0.0
33.0,71,0.0
31.9,70,0.0
31.9,70,0.0
31.8,72,0.0
32.5,71,0.0
33.2,68,0.7
33.5,72,0.1
34.2,73,0.3
34.7,72,0.6
34.3,73,1.1
34.9,74,0.3
34.5,85,0.1
35.3,88,1.7
36.1,91,0.4
35.7,81,0.3
33.2,89,6.0
32.9,87,2.8
32.9,92,3.2
33.2,93,14.5
29.5,93,8.0
29.4,87,4.0
31.6,84,0.3
33.1,80,0.0
32.8,89,0.3
31.0,96,10.0
32.8,95,1.4
33.5,94,0.9
33.7,95,1.0
34.6,95,4.3
34.7,98,7.9
32.8,95,5.7
30.1,94,16.9
30.5,93,3.8
30.7,92,7.7
31.6,98,23.6
30.9,98,10.7
32.0,97,21.1
31.1,97,26.3
32.4,94,11.0
32.0,91,6.5
27.7,92,11.6
31.9,90,1.5
32.5,78,0.1
33.3,74,0.0
33.4,73,0.0
31.8,75,0.4
33.3,77,0.5
32.7,73,0.3
33.4,74,0.0
34.3,82,0.3
33.6,83,0.2
34.5,81,0.0
34.0,84,0.2
34.8,93,0.1
34.2,94,6.1
31.2,89,12.0
32.2,91,4.2
32.2,91,2.3
33.2,94,9.9
33.0,95,14.4
33.0,94,0.5
30.7,84,2.4
33.6,86,0.2
33.8,91,2.7
33.5,99,2.9
33.1,98,6.9
33.0,98,0.6
33.2,98,1.2
34.5,97,1.5
35.2,96,2.3
30.9,97,10.2
32.5,96,5.7
34.5,96,5.0
33.8,92,3.6
34.7,95,2.7
35.3,88,0.0
35.8,92,0.0
35.3,91,0.0
36.5,75,0.3
36.5,80,0.0
32.5,96,16.3
33.7,98,0.9
36.0,99,0.0
34.8,80,2.1
35.2,77,0.0
34.5,85,0.9
35.5,85,0.0
36.3,96,11.3
33.7,99,5.1
33.8,93,0.0
33.8,86,0.0
34.2,65,0.0
34.6,93,2.4
31.0,97,14.5
31.4,98,4.3
32.1,98,3.3
30.2,98,14.8
26.8,98,13.1
28.5,98,14.1
29.4,98,6.0
29.0,95,1.4
28.9,96,1.5
29.2,96,0.2
29.9,93,0.0
28.6,91,0.0
30.3,93,6.6
24.6,97,26.3
28.4,99,11.1
29.4,99,21.3
28.4,98,8.2
28.5,99,9.3
28.0,99,13.0
29.5,98,9.0
27.2,98,14.5
25.9,99,42.2
28.1,98,9.8
28.0,99,7.6
30.0,99,2.6
30.6,100,1.7
29.5,100,1.3
30.0,100,0.5
29.6,100,0.0
28.6,96,0.0
25.5,96,20.0
25.0,98,3.5
28.8,96,0.2
28.5,97,0.0
28.5,96,0.0
28.3,96,0.0
30.1,83,0.0
30.4,87,0.0
30.0,97,0.1
29.5,99,1.1
29.6,99,1.7
27.2,97,4.2
29.4,99,0.0
29.6,99,0.1
29.6,98,0.4
28.6,99,2.3
29.0,96,0.2
28.6,97,0.0
28.3,98,0.0
28.5,98,0.0
28.5,91,0.0
28.0,90,0.0
28.4,91,0.0
28.4,86,0.0
29.0,91,0.0
29.2,96,0.0
29.6,97,0.0
30.6,98,0.0
30.4,99,0.0
29.8,99,0.1
29.8,100,0.0
29.6,98,0.4
30.1,98,0.2
31.0,94,0.0
31.1,97,0.0
30.0,99,0.1
30.1,99,0.0
29.8,99,0.0
29.2,98,0.1
29.8,99,0.0
28.4,96,0.4
29.0,97,0.7
29.7,96,2.2
29.9,96,0.7
29.9,98,1.8
28.2,98,7.9
26.5,98,14.4
28.0,98,1.2
27.8,98,1.9
28.4,97,1.2
28.1,98,0.4
28.9,98,0.6
29.9,98,0.0
30.9,95,0.0
32.8,99,0.0
31.8,100,0.1
33.5,99,0.0
32.3,96,0.0
31.9,88,0.3
30.7,97,1.2
31.2,96,0.6
30.6,82,0.0
31.2,99,0.0
32.2,100,0.0
33.4,100,0.0
33.1,99,0.0
32.8,96,0.0
32.5,97,0.0
34.8,99,0.0
33.3,99,0.0
32.8,99,0.0
33.9,96,0.0
34.0,95,0.0
31.8,95,0.0
33.8,93,0.0
34.2,98,0.0
34.1,98,0.2
33.5,97,0.2
33.5,95,0.2
32.8,92,0.0
33.0,95,0.0
31.9,96,0.0
32.7,98,0.2
33.9,96,0.0
36.3,97,0.0
37.0,98,0.0
36.2,98,0.0
33.7,98,0.1
34.0,95,0.0
35.2,99,0.0
33.8,99,0.0
33.9,97,0.0
34.8,98,0.0
36.1,98,0.0
35.8,98,0.0
35.5,97,0.0
36.0,92,0.0
36.3,91,0.0
34.5,93,0.0
34.8,94,0.0
36.2,95,0.0
37.2,84,0.0
36.9,86,0.0
37.4,80,0.0
37.8,70,0.0
38.2,68,0.0
38.6,75,0.0
39.2,70,0.0
40.5,65,0.0
41.2,78,0.0
39.2,94,0.0
38.1,88,0.1
40.1,88,0.3
39.5,99,15.2
38.6,92,0.0
36.7,93,0.0
37.5,97,0.0
38.0,98,0.0
38.5,96,0.0
38.7,97,0.0
38.7,98,0.0
40.2,99,0.0
40.0,97,0.0
39.8,96,0.0
38.3,96,0.0
38.3,90,0.0
38.2,94,0.0
38.3,94,0.0
38.2,94,0.0
38.4,96,0.0
38.5,97,0.0
37.2,95,0.0
37.8,96,0.0
37.3,92,0.0
38.3,95,0.0
38.0,91,0.0
38.4,91,0.0
38.8,97,0.0
38.8,95,0.0
37.2,91,0.3
36.5,93,0.3
39.0,97,0.3
40.5,95,0.0
39.8,91,0.1
39.0,91,0.0
38.5,91,0.0
38.8,90,0.0
40.8,93,0.0
40.7,90,0.0
40.0,92,0.0
40.5,97,0.0
40.8,97,0.0
41.5,97,0.0
42.3,84,0.0
42.2,89,0.0
42.9,87,0.0
40.5,89,0.1
37.0,86,0.4
36.5,85,4.8
39.8,92,0.0
40.3,90,0.0
38.0,83,0.0
40.0,81,0.0
34.9,93,27.7
28.2,95,48.3
31.6,99,5.1
33.0,99,0.2
34.5,97,0.0
34.9,98,0.0
34.3,96,0.0
34.5,94,0.0
33.0,95,1.2
33.6,90,0.9
33.8,83,2.1
34.8,78,2.8
36.8,69,0.0
38.0,67,0.0
39.3,69,0.1
38.3,73,0.0
39.0,80,0.0
38.8,52,0.0
39.7,51,0.0
40.0,51,0.0
40.6,57,0.0
39.9,54,0.0
40.3,71,1.5
41.5,59,0.6
42.2,64,0.0
42.3,55,0.0
40.8,82,0.0
39.0,66,0.0
40.4,64,0.9
40.2,61,0.1
39.8,60,0.0
38.9,59,0.0
38.5,61,0.0
38.5,64,0.1
38.0,62,0.0
39.5,89,7.2
37.3,95,5.0
35.8,93,11.2
35.2,94,0.1
35.2,88,3.2
35.2,91,4.7
35.1,82,1.1
34.1,88,0.1
33.1,71,0.0
36.2,68,0.3
34.5,68,0.3
34.5,64,0.0
33.0,87,4.1
34.3,94,9.1
32.7,95,2.8
34.0,96,0.2
34.7,93,11.6
35.2,87,9.5
35.7,75,1.3
35.0,91,5.8
33.2,86,0.2
32.4,92,12.5
30.0,92,3.3
31.4,91,17.7
26.9,91,27.8
29.1,90,17.4
27.7,88,11.0
29.5,88,10.3
28.1,88,7.7
29.3,87,3.1
30.9,80,1.7
31.1,70,0.0
33.3,79,10.1
31.6,91,6.6
32.2,92,4.6
33.8,86,0.3
33.2,90,4.4
33.3,91,7.9
30.3,93,6.9
29.5,92,3.6
32.3,84,0.9
31.5,95,2.7
30.8,98,12.1
31.9,98,0.5
32.2,97,1.0
32.8,95,2.3
32.9,89,0.6
33.2,92,2.9
33.3,97,15.2
32.5,97,10.2
31.8,98,4.4
32.3,95,2.1
30.5,91,7.1
31.2,87,1.9
30.6,92,18.7
27.4,91,35.9
30.2,90,11.5
32.0,72,0.0
32.7,76,0.0
32.5,71,0.0
32.8,84,1.8
31.2,85,1.9
31.7,96,9.5
33.0,94,0.0
33.5,93,0.1
33.7,81,0.5
33.5,86,3.0
34.2,72,0.0
34.0,74,0.1
34.2,72,0.0
34.5,78,0.7
33.2,94,4.8
33.8,98,7.6
33.3,95,12.7
34.0,93,10.3
33.1,96,12.0
31.8,97,13.6
31.2,96,1.0
31.1,97,5.1
31.9,96,1.7
32.0,97,0.9
33.8,97,0.1
33.8,95,11.3
33.7,99,15.4
33.0,94,4.8
31.4,97,11.8
26.9,98,30.7
28.3,96,34.8
30.4,94,4.5
29.4,89,0.9
32.2,85,0.3
32.8,81,0.1
33.0,88,0.9
33.3,82,0.0
33.7,76,0.0
33.8,76,0.0
34.0,74,0.0
31.9,74,0.0
32.6,77,0.2
34.7,75,0.1
33.5,71,0.5
34.5,63,0.0
33.5,78,0.0
35.0,80,0.0
34.8,96,12.7
34.0,96,12.5
32.5,96,11.2
31.1,96,9.4
29.9,96,29.9
31.0,91,2.1
32.8,79,0.0
32.8,69,0.0
33.0,87,0.1
30.2,99,39.0
28.4,99,14.9
31.0,98,2.9
30.5,99,4.6
27.6,98,26.9
30.0,98,10.8
29.6,98,2.1
30.6,99,5.3
31.0,99,19.6
30.2,98,33.6
28.2,98,23.1
30.0,99,4.8
30.5,100,2.6
30.9,99,6.5
30.5,98,4.6
30.0,97,2.7
31.1,97,0.8
30.4,95,0.0
30.4,69,0.0
30.9,73,0.0
30.7,75,0.0
31.0,84,0.0
31.4,91,0.0
30.5,88,0.0
30.8,91,0.2
30.5,86,0.0
30.4,87,0.0
25.5,97,14.7
29.1,98,0.6
29.1,99,1.9
29.8,99,1.6
30.6,100,0.8
30.6,98,0.0
30.8,98,0.0
31.2,98,0.0
31.2,97,0.0
30.8,95,0.1
31.4,83,0.0
30.0,95,9.8
28.9,97,2.5
31.0,98,0.6
30.5,98,0.1
30.5,98,0.0
30.6,75,0.0
30.5,90,0.0
29.1,72,0.0
28.8,83,8.3
26.0,91,4.4
28.0,98,12.8
30.5,100,1.3
29.9,100,2.3
29.8,99,1.2
30.7,99,0.4
30.8,100,0.0
30.8,100,0.0
29.9,100,0.0
30.0,94,0.0
31.4,99,0.0
30.2,98,1.8
30.5,99,1.9
31.7,99,0.6
31.4,99,0.0
31.8,99,0.3
31.2,86,0.0
29.1,68,0.0
28.1,94,27.5
24.1,99,34.0
25.5,96,3.0
27.5,98,9.3
28.5,100,1.0
29.7,100,1.1
28.9,100,0.0
30.2,92,0.0
29.7,100,0.2
29.5,99,0.9
28.2,99,0.0
28.9,99,0.0
28.6,100,0.0
29.1,100,0.0
29.5,100,0.0
29.2,96,0.0
29.8,96,3.4
28.7,100,1.5
30.4,100,0.6
31.0,99,0.0
31.7,99,0.1
32.0,97,0.1
32.3,94,0.0
32.0,98,0.0
31.5,98,0.2
29.9,98,0.2
29.5,96,1.6
27.8,98,1.5
29.8,99,0.3
30.5,98,0.4
29.1,94,0.0
29.4,95,0.0
30.4,96,0.0
31.1,95,0.0
31.5,96,0.0
31.2,97,0.0
31.2,95,0.0
31.5,97,0.0
31.4,98,0.0
30.7,99,0.0
31.4,96,0.0
31.1,96,0.0
31.6,99,0.0
31.9,99,0.1
30.7,99,0.0
30.5,100,0.1
31.1,95,0.0
31.0,93,0.1
31.2,99,0.0
31.6,99,0.0
32.7,85,0.0
31.9,93,0.0
32.3,96,0.0
32.9,97,0.0
33.3,89,0.0
32.8,83,0.0
32.4,93,0.0
33.3,96,0.0
33.5,99,0.0
32.7,99,0.0
33.8,100,0.0
34.3,100,0.0
34.3,97,0.0
34.7,95,0.0
35.2,89,0.0
36.3,90,0.0
35.5,83,0.0
34.5,81,0.0
35.6,92,0.0
35.8,96,0.0
34.8,97,0.0
34.0,98,0.0
33.6,99,0.0
35.0,89,0.0
36.1,86,0.0
36.0,92,0.0
35.8,89,0.0
36.1,85,0.0
36.5,82,0.0
34.9,84,0.0
34.7,96,0.0
35.0,100,0.0
35.1,98,0.0
35.5,90,0.0
36.2,53,0.0
36.0,72,0.0
36.6,70,0.0
36.8,66,0.0
35.6,77,0.0
35.8,83,0.0
34.7,88,0.0
35.5,93,0.0
36.3,99,0.0
36.0,100,0.0
36.8,90,0.0
37.8,98,0.0
37.0,92,0.3
33.3,98,10.3
26.8,98,8.8
29.2,99,85.6
30.2,99,4.5
30.8,100,0.5
33.3,100,0.5
33.3,100,0.0
33.3,99,0.5
34.2,99,0.9
34.1,98,1.2
34.0,98,1.2
34.5,100,0.7
36.0,99,0.3
35.5,98,0.0
35.5,98,0.6
37.1,97,0.1
36.0,99,5.8
37.2,99,1.7
36.7,97,0.6
37.2,96,1.4
38.4,98,0.1
37.9,96,0.0
37.7,99,0.0
37.2,98,0.0
37.9,95,0.0
39.5,88,0.0
39.8,68,0.0
41.4,47,0.0
42.7,54,0.0
42.2,54,0.0
40.8,51,0.0
41.4,51,0.0
41.8,76,0.0
41.8,83,0.0
42.3,88,0.0
41.9,98,0.0
40.0,99,2.8
36.8,86,1.9
37.8,92,21.0
34.5,93,6.1
35.2,94,5.2
36.3,94,0.3
38.3,94,0.0
37.6,92,10.0
37.8,93,9.5
35.3,97,32.5
31.4,91,12.5
31.5,94,1.0
32.4,95,1.3
33.2,95,0.6
31.5,96,10.0
34.0,93,4.5
34.5,89,0.5
36.3,89,0.3
37.1,83,2.1
38.5,77,0.5
37.2,81,0.0
41.1,85,0.0
42.0,60,0.0
42.2,60,0.0
41.3,45,0.0
41.7,44,0.0
42.0,83,0.0
41.0,92,0.2
40.8,94,0.0
41.0,92,0.3
38.7,95,8.1
38.9,92,3.3
40.6,89,0.0
39.7,83,4.2
39.2,63,4.5
39.8,63,0.0
40.0,56,0.0
40.6,95,0.0
36.5,96,2.9
34.7,92,36.4
39.1,92,0.0
40.0,78,0.0
41.4,52,0.1
42.2,44,0.0
39.5,53,1.0
40.2,64,0.0
41.0,65,0.0
40.5,75,0.5
40.5,76,3.5
41.7,52,0.0
40.9,56,0.0
40.0,56,0.0
40.3,58,0.0
40.7,52,0.0
41.0,47,0.0
40.6,50,0.0
41.0,49,0.0
41.0,50,0.0
39.5,66,5.3
36.2,66,0.2
38.8,74,0.5
39.8,96,12.1
36.5,88,4.7
35.7,91,0.5
35.2,89,1.6
34.5,90,3.9
33.0,92,0.2
34.9,65,0.0
35.9,75,0.6
36.4,73,0.0
37.0,69,0.0
37.2,66,0.4
38.2,80,4.5
37.3,97,7.8
34.5,88,1.6
34.3,88,7.9
32.2,82,1.5
33.5,70,0.0
35.0,68,0.5
35.5,83,8.7
33.8,87,2.3
35.7,80,0.0
32.8,83,0.2
35.5,81,0.4
36.1,77,0.5
34.8,80,3.3
34.2,79,0.6
35.2,81,0.9
29.5,89,13.2
29.2,89,8.8
29.6,89,13.9
30.1,91,16.7
30.8,92,11.2
31.7,90,11.0
28.3,91,19.9
28.1,91,39.7
27.7,90,26.5
31.0,88,2.5
32.5,75,0.0
33.0,74,0.0
32.8,74,1.1
32.8,72,0.0
32.8,72,1.5
33.0,69,0.0
33.2,70,0.3
34.2,71,0.2
34.3,72,0.0
34.9,70,0.0
34.5,66,0.0
35.2,70,0.0
35.0,90,3.5
33.0,87,5.3
34.6,87,0.3
34.2,91,0.7
35.0,78,0.1
34.8,79,1.8
34.8,85,0.2
34.8,85,2.0
34.4,88,8.6
32.5,86,0.3
34.2,80,0.6
35.2,78,0.3
35.5,89,0.1
34.8,85,0.6
35.9,83,3.6
36.0,68,0.0
35.8,73,0.1
35.5,91,1.5
35.8,90,0.0
35.9,79,0.0
36.3,82,0.0
37.0,81,0.0
36.5,78,0.0
37.3,79,0.2
36.3,95,7.3
35.1,95,11.6
30.0,94,29.1
29.9,91,20.7
32.3,83,2.0
33.5,76,0.0
33.3,72,0.0
34.7,78,0.1
32.8,85,0.5
30.6,92,25.3
32.2,76,2.5
34.2,76,0.1
34.1,84,0.8
34.5,72,0.0
35.3,77,0.1
35.8,74,0.0
36.3,79,1.6
36.4,77,0.0
36.2,69,0.6
34.5,94,4.9
34.0,89,1.3
35.2,95,19.3
34.5,94,16.0
33.4,92,0.3
34.4,94,9.4
35.1,93,2.5
35.2,95,7.9
34.3,91,1.6
33.2,89,0.3
34.0,87,5.7
32.8,87,1.3
34.8,85,2.3
36.1,74,0.0
36.2,76,0.0
36.3,71,0.0
36.2,76,0.0
36.5,78,0.0
36.8,94,0.0
36.6,90,0.1
36.8,93,0.1
36.3,87,0.4
35.0,92,0.5
35.7,92,1.0
36.5,89,2.8
35.5,92,0.4
35.5,90,1.1
35.5,85,1.1
35.7,89,1.9
36.2,94,2.7
36.2,93,0.0
36.7,85,0.0
35.3,52,0.0
35.2,57,0.0
35.8,73,0.0
35.4,88,0.0
35.7,94,1.7
32.6,96,5.0
33.3,96,1.3
31.1,92,0.8
33.4,94,1.5
34.8,93,0.0
32.8,93,6.1
32.2,96,3.0
32.6,96,1.9
31.7,97,8.8
28.8,97,7.5
30.0,97,12.3
30.4,99,32.8
30.5,99,3.5
31.2,99,0.1
31.2,99,0.0
31.7,98,0.0
32.0,97,0.0
31.0,96,0.7
29.0,93,0.0
32.3,95,0.0
32.0,99,0.2
32.2,100,0.2
32.2,100,0.7
32.3,94,18.7
29.9,97,6.4
28.4,98,8.2
27.8,98,28.5
28.9,98,6.0
30.5,95,0.2
30.0,96,1.0
30.1,98,0.7
31.1,98,0.2
29.5,96,1.6
30.9,99,0.1
30.7,98,0.1
31.6,94,1.2
30.5,81,0.9
26.0,96,61.2
23.7,96,79.5
29.5,100,0.7
29.5,98,0.8
29.0,95,0.0
29.5,95,0.0
29.1,100,0.0
28.8,100,0.0
28.6,99,0.0
28.6,99,0.1
28.2,98,0.0
27.6,97,0.0
27.2,98,0.1
28.5,99,0.6
29.0,98,0.0
28.4,98,0.0
28.7,99,0.0
29.2,99,0.1
28.5,99,0.0
29.0,100,0.3
29.3,100,0.0
29.9,100,0.0
29.6,100,0.0
29.8,100,0.0
30.2,100,0.0
29.7,99,0.1
29.6,100,0.0
29.5,99,0.0
29.6,99,0.3
29.9,99,0.2
29.5,96,0.0
30.1,95,0.0
29.8,97,0.0
30.5,95,0.0
30.4,95,0.0
28.6,97,0.0
30.3,98,0.0
30.9,98,0.5
31.6,95,0.0
30.8,100,1.6
32.2,100,0.0
32.7,98,0.0
32.0,96,0.0
31.3,96,0.0
31.0,97,0.1
31.0,96,0.1
32.2,99,0.0
31.1,100,0.2
32.5,99,0.0
32.0,98,0.1
32.1,98,0.8
32.2,99,0.0
31.0,99,0.6
30.7,98,0.6
31.4,100,0.4
31.2,100,0.7
31.3,98,0.1
31.5,98,0.0
32.0,99,0.0
33.2,98,0.1
32.7,99,0.3
31.0,98,0.7
32.5,99,0.0
33.7,98,0.0
35.0,99,0.0
35.8,98,0.0
36.5,98,0.0
33.6,99,0.2
33.8,98,0.5
33.7,99,0.0
32.5,99,0.0
33.2,100,0.0
33.5,100,0.0
33.5,100,0.0
34.0,100,0.0
34.0,100,0.0
35.1,98,0.0
34.5,99,0.0
35.5,100,0.0
36.7,98,0.0
36.1,98,0.0
36.5,96,17.6
34.0,97,1.3
32.6,94,3.0
33.0,98,0.2
34.4,99,0.0
35.0,98,0.0
36.3,99,0.0
35.1,100,0.0
36.8,98,0.0
36.8,98,0.0
36.0,98,0.0
36.5,99,0.1
37.3,96,0.0
38.0,97,0.0
37.2,98,0.0
36.5,95,0.0
35.8,97,0.0
35.0,92,0.4
37.6,95,0.0
39.5,88,0.0
39.2,97,0.0
37.2,97,0.0
37.0,92,0.4
36.8,98,0.0
37.7,96,0.6
36.9,94,0.4
32.2,89,2.1
35.4,98,0.0
36.4,97,0.0
37.9,97,0.0
37.8,97,0.1
37.7,99,0.3
38.2,98,0.0
37.8,97,0.0
39.0,92,0.0
40.3,89,0.0
40.8,95,0.0
39.8,97,0.0
40.7,97,0.0
41.0,96,0.0
41.0,99,0.0
41.5,98,0.0
42.2,88,0.0
44.0,70,0.0
43.8,56,0.0
38.7,89,0.4
38.0,99,0.0
38.2,100,0.0
39.0,98,0.1
37.5,96,1.2
38.7,98,0.0
39.0,93,0.0
40.8,85,0.0
41.8,68,0.0
42.8,73,0.0
42.8,76,0.0
42.8,84,0.0
39.6,87,0.8
42.5,95,0.0
42.7,94,0.0
41.3,83,0.0
43.2,92,0.0
42.2,93,0.0
41.5,98,0.0
42.5,99,0.0
43.3,89,0.0
42.8,95,0.0
43.5,95,0.0
45.8,79,0.0
44.6,80,0.0
44.8,84,0.0
44.6,86,0.1
44.2,86,0.0
44.2,84,1.0
36.2,94,16.4
40.5,96,2.8
37.2,91,5.9
36.6,95,7.9
38.9,89,0.0
40.2,90,0.7
37.5,89,6.6
34.0,91,10.2
38.7,84,0.7
32.8,95,27.7
32.8,93,11.8
32.0,94,14.0
36.2,96,20.4
35.7,97,13.7
32.2,99,7.2
34.6,98,22.0
37.0,98,1.1
40.0,83,0.8
38.0,83,0.0
40.0,60,0.0
39.7,61,0.0
40.5,64,0.0
41.5,53,0.0
43.0,75,0.0
44.2,71,0.0
43.0,84,4.4
34.5,94,31.4
32.4,96,1.0
36.5,88,10.2
32.5,97,25.5
31.0,95,29.6
32.3,96,10.7
31.8,95,1.8
33.5,92,3.1
33.1,79,2.7
32.8,83,6.8
33.0,82,0.9
34.5,81,5.2
34.3,78,0.3
35.4,76,0.2
35.7,84,0.9
36.0,84,0.3
37.0,71,0.0
35.7,78,0.2
37.8,65,0.0
37.2,61,0.9
36.4,84,0.2
37.1,79,1.0
38.3,73,0.0
37.0,96,15.6
35.5,96,7.8
28.2,93,13.8
34.2,93,0.6
34.0,77,0.0
34.1,92,1.2
34.3,84,0.0
34.8,69,0.0
35.3,75,0.3
35.1,69,0.0
36.0,93,13.0
32.6,92,19.7
30.2,92,5.8
32.7,93,9.0
31.0,91,5.7
34.5,80,0.3
34.8,77,0.6
35.1,90,3.5
30.4,92,13.4
27.0,92,18.3
26.9,90,36.2
32.2,93,13.9
31.3,90,8.8
29.5,89,10.7
26.7,89,42.7
27.6,90,23.3
30.5,92,11.5
32.0,92,4.0
29.5,90,7.4
29.7,89,8.2
31.9,89,7.0
31.9,86,2.2
30.5,85,2.1
33.5,81,2.4
33.6,94,3.5
33.1,84,0.0
31.6,84,0.2
32.2,82,0.5
32.2,84,0.0
32.4,75,0.2
34.4,73,0.2
34.0,75,0.0
32.3,87,1.3
27.6,91,8.4
32.0,93,6.9
33.0,91,0.8
33.8,93,0.7
33.8,87,0.0
34.3,92,3.2
34.2,94,0.5
35.0,95,0.1
34.3,96,0.4
34.8,97,1.3
34.2,93,0.4
35.4,93,9.9
34.6,98,10.2
35.7,97,0.0
35.4,88,1.3
32.8,89,2.2
34.3,92,0.0
33.3,92,4.2
33.0,90,0.3
33.6,69,0.0
34.8,73,0.2
33.7,72,0.5
34.0,94,5.3
28.0,93,35.1
25.4,91,99.9
30.1,89,18.1
30.0,85,1.8
32.0,92,2.4
30.5,89,4.5
31.4,92,7.6
31.1,89,4.9
30.1,92,6.8
27.0,92,22.3
27.8,91,7.0
32.1,78,0.0
33.0,78,0.0
32.5,78,0.0
32.0,75,0.0
32.8,73,0.0
33.7,74,0.0
32.8,76,0.6
33.3,84,0.0
33.2,88,0.8
33.8,82,0.0
34.2,97,14.9
30.8,98,5.7
32.3,95,22.9
32.1,96,6.5
30.8,96,15.2
31.6,94,1.5
31.9,95,0.4
32.5,94,0.3
32.0,96,2.4
31.9,98,4.5
33.3,98,0.0
33.5,97,0.0
35.0,90,1.3
34.8,85,0.5
35.1,85,0.0
34.8,88,0.7
34.4,98,0.1
33.2,98,0.9
32.7,96,2.2
31.8,94,5.7
30.0,98,14.0
30.9,97,9.8
31.3,98,2.3
32.3,99,9.8
27.3,97,27.0
28.5,98,13.2
27.9,97,17.6
31.0,98,9.1
29.9,99,4.3
29.2,99,10.6
31.0,98,3.3
30.9,99,8.4
31.3,97,2.3
32.3,95,0.0
32.5,76,0.0
32.5,77,0.0
32.2,73,0.0
32.7,78,0.0
32.7,92,0.1
32.8,99,0.0
32.5,99,9.8
31.3,98,0.3
32.1,98,0.3
32.0,96,0.1
31.5,97,0.6
32.7,98,0.0
32.6,88,0.0
33.0,96,0.0
33.0,96,0.0
33.0,94,0.2
32.7,95,0.7
33.3,94,0.1
32.8,90,0.0
29.2,99,13.7
29.5,99,5.3
29.0,98,16.9
28.9,98,3.3
30.3,98,0.8
29.4,99,2.0
29.4,96,0.2
28.7,96,0.0
28.2,95,0.0
28.2,96,0.0
29.1,93,0.0
29.1,95,0.0
29.6,91,0.0
29.5,83,0.0
30.0,88,0.0
29.0,89,0.0
28.4,73,0.0
28.6,92,0.3
27.2,96,5.2
28.7,100,21.3
27.5,98,15.7
27.9,99,12.7
28.5,98,6.2
28.5,100,4.6
28.5,100,1.2
30.2,99,0.0
29.5,99,0.0
29.4,99,0.3
29.8,99,0.1
29.5,94,0.0
27.3,96,0.0
28.0,96,0.0
27.9,97,0.0
27.5,96,0.0
27.3,95,0.0
28.5,96,0.0
29.6,94,0.0
27.4,94,5.6
29.7,99,1.3
30.3,97,0.4
29.4,100,0.0
30.3,100,0.0
26.6,94,40.2
27.5,95,6.1
26.1,95,6.6
28.0,95,0.0
28.2,98,0.1
28.9,100,0.0
29.2,99,0.0
29.4,98,0.0
